LGA,total_children,dropoff_rate,predicted_dropoff_rate
Kiru LGA,33,1.0,0.9181270903010033
Gabasawa LGA,156,0.717948717948718,0.7630211817168342
Ungogo LGA,46,0.717391304347826,0.7429542920847267
